title,Link
Mark Zuckerberg | Facebook,https://www.facebook.com/zuck&sa=U&ved=0ahUKEwim9Mbd__PhAhVLYo8KHefFBLQQFggfMAE&usg=AOvVaw0nXlwgGBye95KVCoPN4eH9
Mark Zuckerberg Invents 'Sleep Box' to Help Wife Priscilla Chan ...,https://people.com/parents/mark-zuckerberg-invention-he-created-to-help-wife-sleep-better/&sa=U&ved=0ahUKEwim9Mbd__PhAhVLYo8KHefFBLQQFggkMAI&usg=AOvVaw3PyEgZFIRHsY2lhWE_V8IV
Mark Zuckerberg - Forbes,https://www.forbes.com/profile/mark-zuckerberg/&sa=U&ved=0ahUKEwim9Mbd__PhAhVLYo8KHefFBLQQFggqMAM&usg=AOvVaw2Y0WiXTu6iqcFZWESKG2au
Images for zuckerberg,?ie=UTF-8&q=zuckerberg&tbm=isch&source=univ&sa=X&ved=0ahUKEwim9Mbd__PhAhVLYo8KHefFBLQQsAQIMA
Mark Zuckerberg - CNBC - CNBC.com,https://www.cnbc.com/mark-zuckerberg/&sa=U&ved=0ahUKEwim9Mbd__PhAhVLYo8KHefFBLQQFgg8MAk&usg=AOvVaw2iAn1-prUMX0pAmEdkB5vi
"Mark Zuckerberg - Facebook, Family & Accomplishments - Biography",https://www.biography.com/business-figure/mark-zuckerberg&sa=U&ved=0ahUKEwim9Mbd__PhAhVLYo8KHefFBLQQFghBMAo&usg=AOvVaw2PV5CnmJ-7vSQYi2EDdOhB
Mark Zuckerberg - The New York Times,http://www.nytimes.com/topic/person/mark-zuckerberg&sa=U&ved=0ahUKEwim9Mbd__PhAhVLYo8KHefFBLQQFghGMAs&usg=AOvVaw3sIE3xN2wkLaOz0fsiXi6h
Mark Zuckerberg - Founder & CEO @ Facebook | Crunchbase,https://www.crunchbase.com/person/mark-zuckerberg&sa=U&ved=0ahUKEwim9Mbd__PhAhVLYo8KHefFBLQQFghLMAw&usg=AOvVaw3ZZM166yAdoxqXHQ-pBzLX
Mark Zuckerberg News – the latest from Al Jazeera,https://www.aljazeera.com/topics/people/mark-zuckerberg.html&sa=U&ved=0ahUKEwiYg_Xd__PhAhXLYo8KHYbjDr04FBAWCBowAQ&usg=AOvVaw0MVQwWf7AK_jPRqINvsF5C
Randi Zuckerberg | LinkedIn,https://www.linkedin.com/in/randizuckerberg&sa=U&ved=0ahUKEwiYg_Xd__PhAhXLYo8KHYbjDr04FBAWCB8wAg&usg=AOvVaw1wcLUhg53QC_0KW0HRBfwC
"Hive: Mark Zuckerberg News, In-Depth Articles, Photos & Videos ...",https://www.vanityfair.com/people/mark-zuckerberg&sa=U&ved=0ahUKEwiYg_Xd__PhAhXLYo8KHYbjDr04FBAWCCQwAw&usg=AOvVaw2I4eg68MlHkWfjqTGAhwvi
Mark Zuckerberg × H&M,http://markforhm.com/&sa=U&ved=0ahUKEwiYg_Xd__PhAhXLYo8KHYbjDr04FBAWCCkwBA&usg=AOvVaw2jfWl2Culvjb5cEW_a2lLW
mark zuckerberg - Mashable,https://mashable.com/category/mark-zuckerberg/&sa=U&ved=0ahUKEwiYg_Xd__PhAhXLYo8KHYbjDr04FBAWCC8wBQ&usg=AOvVaw3ZGnxtzP1UCVGiiyeVCU_K
Mark Zuckerberg - Pacific Coast Immigration (U.S. National Park ...,https://www.nps.gov/subjects/pacificcoastimmigration/zuckerberg.htm&sa=U&ved=0ahUKEwiYg_Xd__PhAhXLYo8KHYbjDr04FBAWCDQwBg&usg=AOvVaw2zNw-iWGnHf7iL3BcHimDz
Mark Zuckerberg is begging for governments to regulate Facebook ...,https://www.marketwatch.com/story/mark-zuckerberg-is-begging-for-governments-to-regulate-facebook-2019-04-24&sa=U&ved=0ahUKEwiYg_Xd__PhAhXLYo8KHYbjDr04FBAWCDkwBw&usg=AOvVaw2sBgNh5S204dk5ZpqoFjJv
Mark Zuckerberg | TechCrunch,https://techcrunch.com/topic/person/mark-zuckerberg/&sa=U&ved=0ahUKEwiYg_Xd__PhAhXLYo8KHYbjDr04FBAWCDwwCA&usg=AOvVaw1a52q9KBVUehFhVl4nfIUm
Will facebook sue Mark Zuckerberg?,http://www.markzuckerbergofficial.com/&sa=U&ved=0ahUKEwjig5_e__PhAhVJro8KHaf2Dr04HhAWCBYwAQ&usg=AOvVaw0_4Hq1ydC1B5Qh62WH1O5J
"If Facebook Wants Our Trust, Mark Zuckerberg Must Resign","https://www.tomsguide.com/us/facebook-privacy-problems,news-29944.html&sa=U&ved=0ahUKEwjig5_e__PhAhVJro8KHaf2Dr04HhAWCBwwAg&usg=AOvVaw0GQWfiHC5m65vQH2f4Z5d-"
Federal investigation of Facebook could hold Mark Zuckerberg,https://www.washingtonpost.com/technology/2019/04/19/federal-investigation-facebook-could-hold-mark-zuckerberg-accountable-privacy-sources-say/&sa=U&ved=0ahUKEwjig5_e__PhAhVJro8KHaf2Dr04HhAWCCIwAw&usg=AOvVaw3RRUdTCTGZ16X5VIDlzUX7
Mark Zuckerberg's 2019 challenge is to get out of his bunker and ...,https://qz.com/1518335/mark-zuckerbergs-2019-challenge-is-to-get-out-of-his-bunker-and-talk-to-people/&sa=U&ved=0ahUKEwjig5_e__PhAhVJro8KHaf2Dr04HhAWCCUwBA&usg=AOvVaw3aus6ZDdgfuMl4y6U7w0gX
Mark Zuckerberg Is Not Human - YouTube,https://www.youtube.com/watch%3Fv%3DEw9oewvyd0M&sa=U&ved=0ahUKEwjig5_e__PhAhVJro8KHaf2Dr04HhC3AggsMAU&usg=AOvVaw2y4Q5_tk3NgAi5OAZolh2c
Facebook founder Mark Zuckerberg builds his wife a glowing 'sleep ...,https://www.dailymail.co.uk/news/article-6969301/Facebook-founder-Mark-Zuckerberg-builds-wife-glowing-sleep-box.html&sa=U&ved=0ahUKEwjig5_e__PhAhVJro8KHaf2Dr04HhAWCC8wBg&usg=AOvVaw2EFZGXm-Ozc1Ot_NGR9wG-
13 Things Found In the Trash at Mark Zuckerberg's House (Taken ...,https://www.inc.com/bill-murphy-jr/a-professional-trash-picker-dug-through-trash-bins-outside-mark-zuckerbergs-house-found-13-surprising-things-heres-list-and-why-he-did-it.html&sa=U&ved=0ahUKEwjig5_e__PhAhVJro8KHaf2Dr04HhAWCDIwBw&usg=AOvVaw0UB0j4i1sf-NsqTOGqJ6mz
'Town hall versus living room': Zuckerberg looks to reframe privacy ...,https://www.bnnbloomberg.ca/technology/video/town-hall-versus-living-room-zuckerberg-looks-to-reframe-privacy-debate~1667977&sa=U&ved=0ahUKEwjig5_e__PhAhVJro8KHaf2Dr04HhC3Agg2MAg&usg=AOvVaw1OZlSB7_vPF2oNUZ8LzbFu
Mark Zuckerberg - Investopedia,https://www.investopedia.com/terms/m/mark-zuckerberg.asp&sa=U&ved=0ahUKEwjs_8He__PhAhWBs48KHQ8aApc4KBAWCBowAQ&usg=AOvVaw1Zk7ynE30jpxussPbsOJWM
Mark Zuckerberg (Facebook Founder) - On This Day,https://www.onthisday.com/people/mark-zuckerberg&sa=U&ved=0ahUKEwjs_8He__PhAhWBs48KHQ8aApc4KBAWCCAwAg&usg=AOvVaw1wCMmgqRqo3MudFF3rqAtx
"Mark Zuckerberg makes device to help wife sleep better, shares pic",https://inshorts.com/en/news/mark-zuckerberg-makes-device-to-help-wife-sleep-better-shares-pic-1556465436971&sa=U&ved=0ahUKEwjs_8He__PhAhWBs48KHQ8aApc4KBAWCCUwAw&usg=AOvVaw2FNoglk5Q8C4_bqueIwVS1
What if Mark Zuckerberg Had Stayed in School? – Douglas Rushkoff ...,https://medium.com/s/douglas-rushkoff/what-if-mark-zuckerberg-had-stayed-in-school-321aa3129af5&sa=U&ved=0ahUKEwjs_8He__PhAhWBs48KHQ8aApc4KBAWCCowBA&usg=AOvVaw1USMFIvu7IHLPzxbMzLMRp
Facebook's Mark Zuckerberg could be held accountable by FTC,https://www.usatoday.com/story/tech/2019/04/18/facebook-mark-zuckerberg-could-held-accountable-ftc/3515561002/&sa=U&ved=0ahUKEwjs_8He__PhAhWBs48KHQ8aApc4KBAWCDAwBQ&usg=AOvVaw2fFQFcvR_OmE7jW8p5GRMp
Mark Zuckerberg - Page 7 - The Telegraph,https://www.telegraph.co.uk/mark-zuckerberg/page-7/&sa=U&ved=0ahUKEwjs_8He__PhAhWBs48KHQ8aApc4KBAWCDMwBg&usg=AOvVaw1JQ9WCf05WPcej-9G-plAV
Mark Zuckerberg - Yahoo,https://www.yahoo.com/news/topics/mark-zuckerberg&sa=U&ved=0ahUKEwjs_8He__PhAhWBs48KHQ8aApc4KBAWCDgwBw&usg=AOvVaw3aXe1oP1ycn17uGAQRS9lj
Opposable Thumbs - Episodes Tagged with “mark zuckerberg”,https://www.opposablepodcast.com/tags/mark%2520zuckerberg&sa=U&ved=0ahUKEwjs_8He__PhAhWBs48KHQ8aApc4KBAWCD0wCA&usg=AOvVaw2I0hF8lHMZzfUfPWHj9AU5
"Facebook can be divided into two spaces by 2024, according to ...",https://www.digitalinformationworld.com/2019/04/mark-zuckerberg-5-years-facebook-plan.html&sa=U&ved=0ahUKEwi1uOre__PhAhUZk3AKHeulC3M4MhAWCBcwAQ&usg=AOvVaw2bhB3xkrtxIgM-czjrkIjN
What is Facebook? Just ask Mark Zuckerberg - The Verge,https://www.theverge.com/2019/3/8/18255269/facebook-mark-zuckerberg-definition-social-media-network-sharing-privacy&sa=U&ved=0ahUKEwi1uOre__PhAhUZk3AKHeulC3M4MhAWCB0wAg&usg=AOvVaw04alu-pH8NXQh70Z28vp1u
Mark Zuckerberg: The Recode interview - Recode,https://www.recode.net/2018/7/18/17575156/mark-zuckerberg-interview-facebook-recode-kara-swisher&sa=U&ved=0ahUKEwi1uOre__PhAhUZk3AKHeulC3M4MhAWCCMwAw&usg=AOvVaw1Ljj2CzuS5WcAV0bLhIDUv
23 Weird Things You Didn't Know About Mark Zuckerberg,https://www.entrepreneur.com/article/287422&sa=U&ved=0ahUKEwi1uOre__PhAhUZk3AKHeulC3M4MhAWCCkwBA&usg=AOvVaw3DHeTPAk1I4ig6yQ23Zr9q
The Education of Mark Zuckerberg - The Atlantic,https://www.theatlantic.com/technology/archive/2017/11/the-mark-zuckerberg-theory-of-community/546290/&sa=U&ved=0ahUKEwi1uOre__PhAhUZk3AKHeulC3M4MhAWCDAwBQ&usg=AOvVaw2HS49Qt91c1Rs5nx3tYri2
"Mark Zuckerberg, Crony Capitalist – Reason.com",https://reason.com/2019/04/10/mark-zuckerberg-crony-capitalist/&sa=U&ved=0ahUKEwi1uOre__PhAhUZk3AKHeulC3M4MhAWCDYwBg&usg=AOvVaw1FmMF2_g4cG7x0-XrjfhBA
Mark Elliot ZUCKERBERG - Wealth-X Dossier,https://www.wealthx.com/dossier/mark-elliot-zuckerberg/&sa=U&ved=0ahUKEwi1uOre__PhAhUZk3AKHeulC3M4MhAWCDwwBw&usg=AOvVaw1bFc9J5XoUyCQMPaieg8dx
Facebook CEO Mark Zuckerberg is untouchable - Vox,https://www.vox.com/technology/2018/11/19/18099011/mark-zuckerberg-facebook-stock-nyt-wsj&sa=U&ved=0ahUKEwi1uOre__PhAhUZk3AKHeulC3M4MhAWCEIwCA&usg=AOvVaw2aYcp5Q--q2sEiCLpU9p5P
